job_title,company_name,job_id,job_description,location,job_url,scraped_at
Python Developer,Atos,230825013057,Experience: 3 to 6 years.,"Hybrid - Pune, Bengaluru",https://www.naukri.com/job-listings-230825013057,2025-08-25 10:10:05
Python Developer,Shashwath Solution,220825909893,Responsibilities<br /><br />Involved in detailing and implementing user stories.<br />Understand the technical specifications and design the solutions.<br />Validate and implement the integration components of the third-party applications.<br />Build scalable and fault-tolerant software solutions ad...,Bengaluru,https://www.naukri.com/job-listings-220825909893,2025-08-25 10:10:05
Python Developer(+Snowflake)- Bangalore,Kiya.ai,220825012601,"<p> Job Title: Developer<br />Work Location: BANGALORE, KA.<br />Skill Required - Python Developer (Python + snowflake)<br /></p><p>Experience Range in Required Skills: 4+ years mandatory<br />Job Description:<br /></p><p>4+ years of Python developer experience, need strong candidates with Python ex...",Bengaluru,https://www.naukri.com/job-listings-220825012601,2025-08-25 10:10:05
Python Developer,IQVIA,40625031989,"Project Role: Senior Python Developer. Work Experience: 4 to 9 Years. Work location : Bengaluru,Kochi,Pune. Must Have Skills: Python,API<br><br>Required Skills:  . 5+ years of experience in Python development<br><br>Proficient in Git and CI / CD workflows<br><br>Experience with REST APIs,microservic...","Hybrid - Pune, Bengaluru, Kochi",https://www.naukri.com/job-listings-40625031989,2025-08-25 10:10:05
Python developer-pan India,Infosys,220725020578,"<p> </p><p><strong>Job description</strong></p><p><strong>Hiring for Python Developer with experience range 9 to 17 years.</strong></p><p><strong>Mandatory Skills: Python Developer-Python, Elasticsearch, PostgreSQL</strong></p><p><strong>Education: BE/B.Tech/MCA/M.Tech/MSc./MSts</strong></p>","Hybrid - Chennai, Bengaluru, Hyderabad",https://www.naukri.com/job-listings-220725020578,2025-08-25 10:10:05
Python Developer,Persistent,171024011437,"Expertise You?ll Bring. A Bachelor of Science degree in Computer Science,Engineering or relevant field. Work experience as a Python Developer. <br><br>Team spirit. Good problem-solving skills. Benefits",Bengaluru,https://www.naukri.com/job-listings-171024011437,2025-08-25 10:10:05
python developer senior software,Xerox,230525031941,"Responsible for those functions,activities,and skills required for analysis,design,coding,integration,test & maintenance of software modules,subsystems or systems which control other electrical,mechanical,electronic or network systems<br><br>Requires in-depth knowledge and experience",Remote,https://www.naukri.com/job-listings-230525031941,2025-08-25 10:10:05
Senior Software Developer  Python,Siemens,210825923541,"Bachelors or Masters degree in Computer Science,IT,or a related field<br><br>Experience with backend web frameworks,preferably FastAPI<br><br>5+ years of hands-on experience in software development,with a focus on Python<br><br>Practical experience with CI / CD,containerization (Docker),and version ...",Bengaluru,https://www.naukri.com/job-listings-210825923541,2025-08-25 10:10:05
Associate Software Engineer - C/C++ & Python Developer,Boeing,180825916063,"<div><p><b><u>Position Overview: </u></b></p><p>We are seeking a highly skilled <b>Associate Software Engineer C/C++ & Python Developer</b> to join our dynamic Simulations team. The ideal candidate will have a strong background in software development and testing, with a focus on automation and aero...",Bengaluru,https://www.naukri.com/job-listings-180825916063,2025-08-25 10:10:05
Python Developer,Adshi5.Com,200825013974,"Manage and optimize databases,including MySQL and LanceDB.  . Take ownership of projects and contribute to the overall success of the development team.  . Technical Skills: . Proficient in Python programming language.  <br><br>Experience with Python libraries (e.g.,NumPy,Pandas,Requests) for various...",Hybrid - Chennai,https://www.naukri.com/job-listings-200825013974,2025-08-25 10:10:05
Python Developer,Infosys,180825912031,"Bachelor of Engineering,Bachelor Of Technology <br><br>Digital Experience<br><br>Good understanding of SDLC and agile methodologies",Bengaluru,https://www.naukri.com/job-listings-180825912031,2025-08-25 10:10:05
Python Developer,Infosys,190825913802,Bachelor of Engineering <br><br>Preferred Skills:  . Technology->OpenSystem->Python - OpenSystem->Python . Technology->Machine Learning->Python . Technology->Cloud Platform->GCP Database <br><br> . Additional Responsibilities:  . Good knowledge on software configuration management systems,Bengaluru,https://www.naukri.com/job-listings-190825913802,2025-08-25 10:10:05
Python developer | Mumbai,KnowledgeWorks Global (KGL),250825001709,"Required Skills & Qualifications:  . Proficient in Python with strong knowledge of scripting techniques<br><br>Experience with automation tools,shell scripting jobs<br><br>Experience working with databases (SQL or NoSQL)<br><br>Good problem-solving and debugging skills",Mumbai (All Areas),https://www.naukri.com/job-listings-250825001709,2025-08-25 10:10:05
Python Developer,Hinduja Tech,200825025760,Good problem-solving and analytical skills,Chennai,https://www.naukri.com/job-listings-200825025760,2025-08-25 10:10:05
Python developer,HR Consultant,240825000112,Shift: Regular (Monday to Friday) <br><br>Minimum 3+ years of experience in Python and relevant skills <br><br>Preferred candidate profile <br><br>Experience in Django application deployment <br><br>Good to have: TDD in Django,Chennai,https://www.naukri.com/job-listings-240825000112,2025-08-25 10:10:05
AI/ML Specialist - Python Developer,NMS Consultant,230825016208,"Qualifications. Education: Bachelors / Masters in Computer Science,Data Science,or related field<br><br>Preferred Skills. <br><br>Experience:  . 5+ years in Python development with a focus on AI / ML automation (e.g.,LLMs,NLP,predictive modeling)<br><br>Hands-on experience with LLM frameworks (e.g.,...","Hybrid - Pune, Trivandrum",https://www.naukri.com/job-listings-230825016208,2025-08-25 10:10:05
Python Developer (Face-To-Face Interview on 30th Aug- Coimbatore),EY,220825003207,"<p>Currently Hiring Python Developer at Coimbatore EY GDS Office</p><br /><p>Position overview:</p><p>Exp: 4- 13 yrs</p><p>Skills: Python, Django, Flask, Fast API, NumPy, Pandas, SQL, Rest API</p><p>Location: Coimbatore </p><br /><p>Interested and available candidates for Face-To-Face Interview on 3...",Coimbatore,https://www.naukri.com/job-listings-220825003207,2025-08-25 10:10:05
Python Developer (Face-To-Face Interview on 30th Aug-Coimbatore),EY,200825031060,"<p>Currently Hiring Python Developer for Our Coimbatore EY GDS Office </p><br /><p>Position Overview:</p><p>Exp: 4 - 12 yrs</p><p>Location: Coimbatore</p><p>Skills: Python, Django, Flask, Fast API, SQL, Rest API, Oracle</p><p>Interview venue: Coimbatore EY GDS Office</p><p>Interview mode: Face-To-Fa...",Coimbatore,https://www.naukri.com/job-listings-200825031060,2025-08-25 10:10:05
Python Developer,Capco,190825912518,"This role is for a senior developer who is technically sound and should have a minimum of 5+ years of experience working on Python or data engineering tools<br><br>The candidate should be detail-oriented professional to support the Gen AI team.  <br><br>Strong Python programming experience,especiall...",Pune,https://www.naukri.com/job-listings-190825912518,2025-08-25 10:10:05
Python Developer @ Infosys- Pan India,Infosys,100625011129,"Educational Requirements MCA,MSc,MTech,Bachelor of Engineering,BCA,BE,BSc,BTech<br><br>Preferred Skills: Process->Testing processes->Test Automation Process Technology->Machine Learning->Python","Hybrid - Pune, Delhi NCR, Mumbai (All Areas)",https://www.naukri.com/job-listings-100625011129,2025-08-25 10:10:05
Python Developer,Persistent,171024011456,"We invite applications from all qualified individuals,including those with disabilities,and regardless of gender or gender preference<br><br>Expertise You?ll Bring. A Bachelor of Science degree in Computer Science,Engineering or relevant field. Work experience as a Python Developer. .",Hyderabad,https://www.naukri.com/job-listings-171024011456,2025-08-25 10:10:09
Python Developer,Persistent,161024016686,"We invite applications from all qualified individuals,including those with disabilities,and regardless of gender or gender preference<br><br>Expertise You?ll Bring. A Bachelor of Science degree in Computer Science,Engineering or relevant field. Work experience as a Python Developer. .",Pune,https://www.naukri.com/job-listings-161024016686,2025-08-25 10:10:09
Python Software Developer,Kiya.ai,220825025625,"<p><br /></p><p>Job Title: Developer<br />Work Location: Chennai TN and Bangalore KA<br />Skill Required: Digital : Python~Digital : Machine Learning~Generative AI<br /></p><p>Experience Range in Required Skills: 4-6 years<br />Job Description: python,Gen AI,ML<br /></p><p>Essential Skills: python,G...","Chennai, Bengaluru",https://www.naukri.com/job-listings-220825025625,2025-08-25 10:10:09
Python Developer,Steady Rabbit,190825019476,"Experience: Minimum 4 years of professional experience in Software development.  <br><br>Experience in Linux environment is a plus. <br><br>Experience with process automation tools,such as Camunda or similar frameworks","Chennai, Vadodara, Bengaluru",https://www.naukri.com/job-listings-190825019476,2025-08-25 10:10:09
Python Developer,Quarks Technosoft,200825503632,"Required Skills:  Proficient in Python and at least one web framework (Django,Flask,or FastAPI). <br><br>Secondary Skills (Good-to-have): AWS,PostgreSQL . Job Summary:  We are seeking a mid-level Python Developer with 3+ years of experience in backend development to join our dynamic engineering team...",Bengaluru,https://www.naukri.com/job-listings-200825503632,2025-08-25 10:10:09
Python Developer,Diverse Lynx,180825502376,Diverse Lynx is looking for Python Developer to join our dynamic team and embark on a rewarding career journey <ol> <li> Coordinating with development teams to determine application requirements.  </li> <li> Writing scalable code using Python programming language.  </li> <li> Testing and debugging a...,Bengaluru,https://www.naukri.com/job-listings-180825502376,2025-08-25 10:10:09
Python Developer,Diverse Lynx,180825502374,Diverse Lynx is looking for Python Developer to join our dynamic team and embark on a rewarding career journey <ol> <li> Coordinating with development teams to determine application requirements. </li> <li> Writing scalable code using Python programming language. </li> <li> Testing and debugging app...,Bengaluru,https://www.naukri.com/job-listings-180825502374,2025-08-25 10:10:09
Python developer - Pan India,Infosys,290725025662,"Mandatory Skills: Python Developer-Python,Flak,Django . Educational Requirements: Master Of Engineering,MCA,MSc,MTech,Bachelor of Engineering<br><br>Hiring for Python Developer with experience range 9 to 17 years. .","Hybrid - Chennai, Bengaluru, Hyderabad",https://www.naukri.com/job-listings-290725025662,2025-08-25 10:10:09
Python Developer,Shashwath Solution,220825928221,Experience: 5+ Years.,"Chennai, Bengaluru, Hyderabad",https://www.naukri.com/job-listings-220825928221,2025-08-25 10:10:09
Python Developer,Hanker Systems (india),210825935885,"The ideal candidate should have expertise in Python frameworks,cloud platforms,and database integration,with a strong understanding of best coding practices,performance optimization,and security principles.  . Key Responsibilities: Develop and maintain Python-based applications,APIs,and scripts<br><...",Bengaluru,https://www.naukri.com/job-listings-210825935885,2025-08-25 10:10:09
Python Developer,9yards It Technology,210825500883,Experience with PostgreSQL / MySQL and MongoDB / Redis<br><br> Strong hands-on experience with Python (Django / Flask/FastAPI),Bengaluru,https://www.naukri.com/job-listings-210825500883,2025-08-25 10:10:09
Python Developer,Zysk Technologies,200825503661,"Experience with CI / CD pipelines,Git / GitHub,Docker,and Kubernetes .  . Strong understanding of system design,microservices architecture,and security best practices<br><br>Preferred Qualifications <br><br> Python Developer (3 4 Years Experience) . About Our Team . At Zysk Technologies,we re a team...",Bengaluru,https://www.naukri.com/job-listings-200825503661,2025-08-25 10:10:09
Python Developer with GEN AI,Happiest Minds Technologies,180825011374,Minimum of 1+ years experience in developing GenAI solutions using any LLMs and deploying them on cloud platforms<br><br>Preferred candidate profile . <br><br> . Senior Developer or Module Lead with a total IT experience of 5-8 years<br><br>Experience with any one of the following cloud platforms an...,"Hybrid - Pune, Bengaluru, Noida",https://www.naukri.com/job-listings-180825011374,2025-08-25 10:10:09
"Python Developer ( Bengaluru, Hyderabad, Pune)",Infosys,140325007865,"MCA,MTech,Bachelor of Engineering,BCA,BSc,BTech <br><br>Preferred Skills: Technology->Machine Learning->Python <br><br>Skills Required:  . Strong proficiency in Python x. <br><br>Experience with at least one Python web framework (Django,Flask,etc.)<br><br>Experience with unit testing frameworks like...","Bengaluru, Chandigarh, Hyderabad",https://www.naukri.com/job-listings-140325007865,2025-08-25 10:10:09
Python Developer,Capgemini,130825906207,Completes own role independently or with minimum supervision,Bengaluru,https://www.naukri.com/job-listings-130825906207,2025-08-25 10:10:09
Python developer-Gurugram,Infosys,100725033679,"<p> <strong>Title:</strong> Python Developer<br /><strong>Role:</strong> Senior Technologist<br /><strong>Responsibilities:</strong> Design, develop, validate, and support tech solutions. Gather and translate client requirements. Estimate work and contribute to efficient systems.<br /><strong>Skills...","Hybrid - Chennai, Ahmedabad, Bengaluru",https://www.naukri.com/job-listings-100725033679,2025-08-25 10:10:09
Python Developer,Eximietas Design,210825024694,"Python Programming: must have strong,hands-on experience with Python- core language for developing simulations,analyzing data,and building tools",Bengaluru,https://www.naukri.com/job-listings-210825024694,2025-08-25 10:10:09
Python Software Developer - PAN INDIA,Infosys,310725030397,"<p> </p><p>Hiring Python Developer  with experience range 5-10 Years of experience</p><br /><p>Mandatory Skills:  Python/Django/Flask</p><br /><p>Education:  Btech/BE, BCA/MCA,Bsc/MSc</p><br /><br />","Chennai, Bengaluru, Hyderabad",https://www.naukri.com/job-listings-310725030397,2025-08-25 10:10:09
Python Software Developer - AB-PAN India,Infosys,171124003238,"and build POCs. You will create requirement specifications from the business needs,define the to-be-processes and detailed functional designs based on requirements.  . You will support configuring solution requirements on the products<br><br>Hiring for Python Developer with experience range 5 years ...","Pune, Bengaluru, Hyderabad",https://www.naukri.com/job-listings-171124003238,2025-08-25 10:10:09
"Python Software Developer-AB-Bengaluru, Hyd",Infosys,240125016513,"MCA,MTech,Bachelor of Engineering,BCA,BSc,BTech <br><br>Preferred Skills: Technology->Machine Learning->Python <br><br>Experience with at least one Python web framework (Django,Flask,etc.)<br><br>Experience with unit testing frameworks like pytest or unittest","Delhi NCR, Bengaluru, Kolkata",https://www.naukri.com/job-listings-240125016513,2025-08-25 10:10:09
Python Software Developer,Citiustech,210825025972,Experience - 5 years - 10 years. <br><br>Location - Pune / Mumbai / Chennai / Bangalore . 5 years -10+ years of experience in data engineering,"Hybrid - Chennai, Pune, Bengaluru",https://www.naukri.com/job-listings-210825025972,2025-08-25 10:10:12
Python Software Developer- bangalore,Infosys,200825036060,"Educational Requirements . MCA,MSc,MTech,Bachelor of Engineering,BCA,BSc,BTech <br><br>Basic understanding of project domain . Ability to translate functional / nonfunctional requirements to systems requirements . Ability to design and code complex programs . Ability to write test cases and scenario...","Hybrid - Chennai, Pune, Bengaluru",https://www.naukri.com/job-listings-200825036060,2025-08-25 10:10:12
Python Software Developer-AB- Pan India,Infosys,100625010322,"Educational Requirements . MCA,MSc,MTech,Bachelor of Engineering,BCA,BSc,BTech <br><br>Basic understanding of project domain . Ability to translate functional / nonfunctional requirements to systems requirements . Ability to design and code complex programs . Ability to write test cases and scenario...","Chennai, Pune, Bengaluru",https://www.naukri.com/job-listings-100625010322,2025-08-25 10:10:12
Python Developer,Golden Opportunities,190825934005,"Candidates Specification : . Must have 7+ years of experience in Python Development<br><br>Experience will be a plus(for future) Couchbase,Kafka,Any queuing system - good working knowledge API development experience<br><br>Good communication skills .",Bengaluru,https://www.naukri.com/job-listings-190825934005,2025-08-25 10:10:12
Python Developer -- 218,Orcapod Consulting Services,210825027892,"<p><strong>Role & responsibilities</strong> </p><p> </p><ol type=""1""><li><strong>Backend Python developer</strong>with Web Development and automation.</li><li>Web Crawling/Scrapping experience (3 to 5 years) </li><li>Hands-on experience RESTful APIs (Fast API preferred)</li><li><strong>MS SQL Server...","Bengaluru, Hyderabad",https://www.naukri.com/job-listings-210825027892,2025-08-25 10:10:12
Python Developer with Gen AI Experience,Tekskills,210825016947,"Proven experience as a Python Developer,with a strong portfolio of projects<br><br>Good command over prompt engineering<br><br>Experience with microservices architecture and implementation","Chennai, Bengaluru, Hyderabad",https://www.naukri.com/job-listings-210825016947,2025-08-25 10:10:12
Python Developer,Altimetrik,140825034260,"Good experience in Data Structure,System Design / System Architecture <br><br>Basic System Administration experience Public cloud understanding <br><br>Good Experience in SQL and API <br><br>Good at Django,Flask,libraries,pandas <br><br>Good at syntax and coding","Hybrid - Chennai, Pune, Bengaluru",https://www.naukri.com/job-listings-140825034260,2025-08-25 10:10:12
Python Developer,Incedo,190825929820,Must have excellent communication skills and be able to communicate complex technical information to non-technical stakeholders in a clear and concise manner<br><br>Must understand the companys long-term vision and align with it<br><br>Computer science background is preferred . <br><br> . 4-6 years ...,Chennai,https://www.naukri.com/job-listings-190825929820,2025-08-25 10:10:12
Python Developer,Incedo,190825929643,Must have excellent communication skills and be able to communicate complex technical information to non-technical stakeholders in a clear and concise manner<br><br>Must understand the companys long-term vision and align with it<br><br>Computer science background is preferred . <br><br>Qualification...,Chennai,https://www.naukri.com/job-listings-190825929643,2025-08-25 10:10:12
Python Developer,Incedo,190825929553,"Qualifications . 4-6 years of work experience in relevant field . BTech / BE/MTech or MCA degree from a reputed university<br><br> . Must Have : Python,FAST API,Uvicorn,SQLAlchemy,boto3,Lamdba server less,pymysql . Nice to have : AWS lambda,Step functions,ECR,ECS,S3,SNS,SQS,Docker,CICD",Gurgaon,https://www.naukri.com/job-listings-190825929553,2025-08-25 10:10:12
